parameter,mn,sd,med,q2.5,q97.5
CLHat,10.867737809336516,1.0612595306881267,10.85376746500565,8.795562435214542,12.947215051562432
QHat,26.412107348665398,13.490388770344177,25.763427071517384,4.014786201804236,48.8759656543033
V1Hat,52.848684056619625,11.690180990442784,53.053707858054395,28.75963588007932,76.28152023694938
V2Hat,53.97607889642341,40.807952651125376,42.06325529752628,11.47705666203999,183.30474383446855
omega[1],0.09326729587518487,0.05679101679826042,0.08002533343748734,0.027611348370963663,0.23210898801705937
omega[2],1.0227093027313248,1.6869190525576039,0.5161176070562834,0.018595369435179924,5.089978911167178
omega[3],0.13939419813812187,0.12906526736480448,0.10117791870008577,0.007926443384428173,0.48061218423447677
omega[4],1.4201822027556048,2.4869383583565465,0.8913943324351499,0.10772977741362094,5.657013009029602
b,0.09298493445201611,0.008115475797386829,0.09257730916352538,0.07817875470275037,0.11033440589544637
