parameter,mn,sd,med,q2.5,q97.5
CLHat,10.561786065870107,0.8965997304269678,10.524738781803421,8.814407168588085,12.408153230200334
QHat,11.714861608306547,2.754564112103099,11.697769152129277,6.2378508742154075,17.22880083059306
V1Hat,46.757416442980514,2.798680289735938,46.79979352201723,41.06253702263662,52.25071038820872
V2Hat,49.87660798505022,3.0288875559182595,49.85540135711717,43.91490064562742,55.81782144308063
omega[1],0.09105121757037499,0.05587715951192841,0.0773534955746461,0.028733822234333486,0.23635501697262348
omega[2],2.2244493099513143,4.278232359099539,1.0261048403627355,0.028253023223414678,10.5980814458335
omega[3],0.12106688274240132,0.1107757459725981,0.09139751277172335,0.007413021864057641,0.42199081929236776
omega[4],1.074048036640992,1.0823782735354308,0.8075236560397415,0.024562775484408834,3.9612996566636913
b,0.0922271726723508,0.008135318822521135,0.09180814905929158,0.07766597080355658,0.10995540250875857
